{"cameraMode":{"drawMode":0,"name":"Shaded","section":"Shading Mode"},"sceneLighting":false,"audioPlay":false,"sceneViewState":{"showFog":true,"showMaterialUpdate":false,"showSkybox":false,"showFlares":true,"showImageEffects":true,"showParticleSystems":true},"in2DMode":false,"pivot":{"x":-1.340000033378601,"y":3.609999895095825,"z":3.200000047683716},"rotation":{"x":0.003846090519800782,"y":-0.9850256443023682,"z":0.17101317644119264,"w":0.02218037284910679},"size":0.8573654294013977,"orthographic":true}