{"cameraMode":{"drawMode":0,"name":"Shaded","section":"Shading Mode"},"sceneLighting":true,"audioPlay":false,"sceneViewState":{"showFog":true,"showMaterialUpdate":false,"showSkybox":true,"showFlares":true,"showImageEffects":true,"showParticleSystems":true},"in2DMode":false,"pivot":{"x":-4.524070739746094,"y":8.702320098876954,"z":16.168922424316408},"rotation":{"x":0.24151523411273957,"y":-0.6651005148887634,"z":0.24196092784404756,"w":0.6639278531074524},"size":69.93142700195313,"orthographic":true}