{"cameraMode":{"drawMode":0,"name":"Shaded","section":"Shading Mode"},"sceneLighting":false,"audioPlay":false,"sceneViewState":{"showFog":true,"showMaterialUpdate":false,"showSkybox":false,"showFlares":true,"showImageEffects":true,"showParticleSystems":true},"in2DMode":false,"pivot":{"x":-0.4942660331726074,"y":2.578860282897949,"z":-0.05964767932891846},"rotation":{"x":0.03203418478369713,"y":-0.7359579205513,"z":0.03491263464093208,"w":0.6753929257392883},"size":6.659792423248291,"orthographic":true}